Period,Electricity_MWh,NaturalGas_Nm3,NaturalGas_MWh,OtherFuel_MWh,Steam_MWh,Production_t,ElectricityPrice_EUR_per_MWh
2024-01,2402.9,1187730,,,646.4,42217,61.1
2024-02,2198.0,1114128,,,640.1,46868,60.4
2024-03,2307.9,1156636,,,726.6,48660,59.7
2024-04,2395.1,1047014,,,684.6,46285,60.9
2024-05,2282.9,1193875,,,683.0,47652,61.0
2024-06,2396.1,1097487,,,684.1,47909,63.7
2024-07,2399.4,1056730,,,663.5,44769,63.5
2024-08,2177.9,1123484,,,644.0,39792,59.0
2024-09,2485.5,965544,,,592.2,42628,61.5
2024-10,2398.3,1056957,,,629.6,41190,57.6
2024-11,2204.6,1078791,,,589.9,38746,59.5
2024-12,2206.6,977730,,,607.4,35257,54.8
2025-01,2233.4,950627,,,541.4,36712,55.8
2025-02,2089.0,1090549,,,479.7,36733,49.5
2025-03,2044.7,1118494,,,523.0,38802,48.2
2025-04,1862.2,1031628,,,571.5,43912,48.3
2025-05,2078.1,1111897,,,509.5,46408,49.2
2025-06,2015.3,1084858,,,500.6,46494,48.2
2025-07,2037.1,1146714,,,503.3,47536,45.2
2025-08,1839.2,1103763,,,523.8,48341,49.1
2025-09,2251.9,1076012,,,565.9,46686,50.4
2025-10,2114.6,1086742,,,560.9,45502,51.4
2025-11,2099.6,1205818,,,662.9,42644,53.1
2025-12,2443.5,1302379,,,629.9,41888,60.1
